Workbook

Sheet Summary
A1: Marker occurrence analysis and the markers used in the experiment
A2: Counted over every marker-free payload in the Stage 1 dataset. Each length sheet lists every possible marker; the green row is the marker used in the experiment.
A3: Payload length (bases) | B3: 128
A4: Payloads counted | B4: 15000 | C4: 15,000 strands = 10,000 train + 1,000 val + 4 x 1,000 test (Stage 1 data, marker_free arm)
A5: Strand length (bases) | B5: 128
A6: Markers per strand | B6: 4
A8: Marker length | B8: Possible markers (4^L) | C8: Expected occurrences per strand | D8: Average % of strands containing a marker | E8: Lowest % | F8: Highest % | G8: Eligible markers (rules below) | H8: Marker used in experiment | I8: Its total occurrences | J8: Its % of strands | K8: Its rank among eligible | L8: Marker overhead (4 markers) | M8: Data bases left
A9: 2 | B9: =4^A9 -> 16 | C9: =($B$3-A9+1)/4^A9 -> 7.9375 | D9: =AVERAGE('Length 2'!D:D) -> 0.99963333 | E9: =MIN('Length 2'!D:D) -> 0.99866667 | F9: =MAX('Length 2'!D:D) -> 0.99993333 | G9: =COUNTIF('Length 2'!I:I,"Yes") -> 8 | H9: not tested | L9: =$B$6*A9/$B$5 -> 0.0625 | M9: =$B$5-$B$6*A9 -> 120
A10: 3 | B10: =4^A10 -> 64 | C10: =($B$3-A10+1)/4^A10 -> 1.96875 | D10: =AVERAGE('Length 3'!D:D) -> 0.86196875 | E10: =MIN('Length 3'!D:D) -> 0.78133333 | F10: =MAX('Length 3'!D:D) -> 0.87553333 | G10: =COUNTIF('Length 3'!I:I,"Yes") -> 0 | H10: not tested | L10: =$B$6*A10/$B$5 -> 0.09375 | M10: =$B$5-$B$6*A10 -> 116
A11: 4 | B11: =4^A11 -> 256 | C11: =($B$3-A11+1)/4^A11 -> 0.48828125 | D11: =AVERAGE('Length 4'!D:D) -> 0.38705026 | E11: =MIN('Length 4'!D:D) -> 0.30586667 | F11: =MAX('Length 4'!D:D) -> 0.40186667 | G11: =COUNTIF('Length 4'!I:I,"Yes") -> 40 | H11: ='Length 4'!A2 -> CAGT | I11: ='Length 4'!B2 -> 7161 | J11: ='Length 4'!D2 -> 0.3862 | K11: ='Length 4'!J2 -> 1 | L11: =$B$6*A11/$B$5 -> 0.125 | M11: =$B$5-$B$6*A11 -> 112
A12: 5 | B12: =4^A12 -> 1024 | C12: =($B$3-A12+1)/4^A12 -> 0.12109375 | D12: =AVERAGE('Length 5'!D:D) -> 0.11413047 | E12: =MIN('Length 5'!D:D) -> 0.0858 | F12: =MAX('Length 5'!D:D) -> 0.12253333 | G12: =COUNTIF('Length 5'!I:I,"Yes") -> 184 | H12: ='Length 5'!A2 -> TCATG | I12: ='Length 5'!B2 -> 1701 | J12: ='Length 5'!D2 -> 0.10766667 | K12: ='Length 5'!J2 -> 1 | L12: =$B$6*A12/$B$5 -> 0.15625 | M12: =$B$5-$B$6*A12 -> 108
A13: 6 | B13: =4^A13 -> 4096 | C13: =($B$3-A13+1)/4^A13 -> 0.030029297 | D13: =AVERAGE('Length 6'!D:D) -> 0.029593555 | E13: =MIN('Length 6'!D:D) -> 0.022666667 | F13: =MAX('Length 6'!D:D) -> 0.034066667 | G13: =COUNTIF('Length 6'!I:I,"Yes") -> 304 | H13: ='Length 6'!A3 -> CTGTCA | I13: ='Length 6'!B3 -> 395 | J13: ='Length 6'!D3 -> 0.025866667 | K13: ='Length 6'!J3 -> 2 | L13: =$B$6*A13/$B$5 -> 0.1875 | M13: =$B$5-$B$6*A13 -> 104
A14: 7 | B14: =4^A14 -> 16384 | C14: =($B$3-A14+1)/4^A14 -> 0.0074462891 | D14: =AVERAGE('Length 7'!D:D) -> 0.0074194214 | E14: =MIN('Length 7'!D:D) -> 0.0048 | F14: =MAX('Length 7'!D:D) -> 0.0104 | G14: =COUNTIF('Length 7'!I:I,"Yes") -> 1440 | H14: ='Length 7'!A2 -> CTGATCA | I14: ='Length 7'!B2 -> 79 | J14: ='Length 7'!D2 -> 0.0052666667 | K14: ='Length 7'!J2 -> 1 | L14: =$B$6*A14/$B$5 -> 0.21875 | M14: =$B$5-$B$6*A14 -> 100
A15: 8 (Stage 4) | B15: =4^8 -> 65536 | C15: =($B$3-8+1)/4^8 -> 0.0018463135 | H15: ACGTCAGT | I15: 31 | J15: =30/$B$4 -> 0.002 | L15: =$B$6*8/$B$5 -> 0.25 | M15: =$B$5-$B$6*8 -> 96
A16: 12 (upper-bound check) | B16: =4^12 -> 16777216 | C16: =($B$3-12+1)/4^12 -> 6.9737434e-06 | H16: ACGTCAGTGCAT | I16: 0 | J16: =0/$B$4 -> 0 | L16: =$B$6*12/$B$5 -> 0.375 | M16: =$B$5-$B$6*12 -> 80
A18: How the markers were chosen (team rule):
A19: 1. No repeated letter (like AA): nanopore often deletes letters inside repeats.
A20: 2. No self-overlap (like ACAC): a marker that matches itself when shifted can be found in the wrong place.
A21: 3. GC content 40-60%: balanced markers are easier to synthesize and sequence.
A22: 4. Among markers passing these rules, occurrence differences are random: re-tested on 2 new random datasets, the 'rarest' ranking did not repeat (rank agreement about 0).
A23: So the length decides how rare a marker is (each extra letter = about 4x rarer); the exact sequence is chosen by the design rules above.
A24: Lengths 2 and 3 were not tested: a 2-letter marker appears in almost every strand and a 3-letter one in about 86%, so they cannot act as unique markers.

Sheet Length 2
A1: Marker | B1: Total occurrences | C1: Strands containing it | D1: % of strands containing it | E1: GC content | F1: Repeated letter (e.g. AA)? | G1: Self-overlap (e.g. ACAC)? | H1: GC 40-60%? | I1: Eligible? | J1: Rank among eligible (rarest = 1) | K1: Used in experiment?
A2: CA | B2: 118548 | C2: 14997 | D2: =C2/Summary!$B$4 -> 0.9998 | E2: 0.5 | F2: No | G2: No | H2: =IF(AND(E2>=0.4,E2<=0.6),"Yes","No") -> Yes | I2: =IF(AND(F2="No",G2="No",H2="Yes"),"Yes","No") -> Yes | J2: 1
A3: AC | B3: 118738 | C3: 14999 | D3: =C3/Summary!$B$4 -> 0.99993333 | E3: 0.5 | F3: No | G3: No | H3: =IF(AND(E3>=0.4,E3<=0.6),"Yes","No") -> Yes | I3: =IF(AND(F3="No",G3="No",H3="Yes"),"Yes","No") -> Yes | J3: 2
A4: AG | B4: 118909 | C4: 14998 | D4: =C4/Summary!$B$4 -> 0.99986667 | E4: 0.5 | F4: No | G4: No | H4: =IF(AND(E4>=0.4,E4<=0.6),"Yes","No") -> Yes | I4: =IF(AND(F4="No",G4="No",H4="Yes"),"Yes","No") -> Yes | J4: 3
A5: GT | B5: 119031 | C5: 14999 | D5: =C5/Summary!$B$4 -> 0.99993333 | E5: 0.5 | F5: No | G5: No | H5: =IF(AND(E5>=0.4,E5<=0.6),"Yes","No") -> Yes | I5: =IF(AND(F5="No",G5="No",H5="Yes"),"Yes","No") -> Yes | J5: 4
A6: GA | B6: 119070 | C6: 14999 | D6: =C6/Summary!$B$4 -> 0.99993333 | E6: 0.5 | F6: No | G6: No | H6: =IF(AND(E6>=0.4,E6<=0.6),"Yes","No") -> Yes | I6: =IF(AND(F6="No",G6="No",H6="Yes"),"Yes","No") -> Yes | J6: 5
A7: TG | B7: 119115 | C7: 14999 | D7: =C7/Summary!$B$4 -> 0.99993333 | E7: 0.5 | F7: No | G7: No | H7: =IF(AND(E7>=0.4,E7<=0.6),"Yes","No") -> Yes | I7: =IF(AND(F7="No",G7="No",H7="Yes"),"Yes","No") -> Yes | J7: 6
A8: TC | B8: 119220 | C8: 14998 | D8: =C8/Summary!$B$4 -> 0.99986667 | E8: 0.5 | F8: No | G8: No | H8: =IF(AND(E8>=0.4,E8<=0.6),"Yes","No") -> Yes | I8: =IF(AND(F8="No",G8="No",H8="Yes"),"Yes","No") -> Yes | J8: 7
A9: CT | B9: 119377 | C9: 14997 | D9: =C9/Summary!$B$4 -> 0.9998 | E9: 0.5 | F9: No | G9: No | H9: =IF(AND(E9>=0.4,E9<=0.6),"Yes","No") -> Yes | I9: =IF(AND(F9="No",G9="No",H9="Yes"),"Yes","No") -> Yes | J9: 8
A10: GG | B10: 118333 | C10: 14984 | D10: =C10/Summary!$B$4 -> 0.99893333 | E10: 1 | F10: Yes | G10: Yes | H10: =IF(AND(E10>=0.4,E10<=0.6),"Yes","No") -> No | I10: =IF(AND(F10="No",G10="No",H10="Yes"),"Yes","No") -> No
A11: AT | B11: 118925 | C11: 14997 | D11: =C11/Summary!$B$4 -> 0.9998 | E11: 0 | F11: No | G11: No | H11: =IF(AND(E11>=0.4,E11<=0.6),"Yes","No") -> No | I11: =IF(AND(F11="No",G11="No",H11="Yes"),"Yes","No") -> No
A12: TA | B12: 118975 | C12: 14998 | D12: =C12/Summary!$B$4 -> 0.99986667 | E12: 0 | F12: No | G12: No | H12: =IF(AND(E12>=0.4,E12<=0.6),"Yes","No") -> No | I12: =IF(AND(F12="No",G12="No",H12="Yes"),"Yes","No") -> No
A13: CC | B13: 119080 | C13: 14981 | D13: =C13/Summary!$B$4 -> 0.99873333 | E13: 1 | F13: Yes | G13: Yes | H13: =IF(AND(E13>=0.4,E13<=0.6),"Yes","No") -> No | I13: =IF(AND(F13="No",G13="No",H13="Yes"),"Yes","No") -> No
A14: GC | B14: 119235 | C14: 14999 | D14: =C14/Summary!$B$4 -> 0.99993333 | E14: 1 | F14: No | G14: No | H14: =IF(AND(E14>=0.4,E14<=0.6),"Yes","No") -> No | I14: =IF(AND(F14="No",G14="No",H14="Yes"),"Yes","No") -> No
A15: CG | B15: 119310 | C15: 14999 | D15: =C15/Summary!$B$4 -> 0.99993333 | E15: 1 | F15: No | G15: No | H15: =IF(AND(E15>=0.4,E15<=0.6),"Yes","No") -> No | I15: =IF(AND(F15="No",G15="No",H15="Yes"),"Yes","No") -> No
A16: TT | B16: 119501 | C16: 14988 | D16: =C16/Summary!$B$4 -> 0.9992 | E16: 0 | F16: Yes | G16: Yes | H16: =IF(AND(E16>=0.4,E16<=0.6),"Yes","No") -> No | I16: =IF(AND(F16="No",G16="No",H16="Yes"),"Yes","No") -> No
A17: AA | B17: 119633 | C17: 14980 | D17: =C17/Summary!$B$4 -> 0.99866667 | E17: 0 | F17: Yes | G17: Yes | H17: =IF(AND(E17>=0.4,E17<=0.6),"Yes","No") -> No | I17: =IF(AND(F17="No",G17="No",H17="Yes"),"Yes","No") -> No

Sheet Length 3
A1: Marker | B1: Total occurrences | C1: Strands containing it | D1: % of strands containing it | E1: GC content | F1: Repeated letter (e.g. AA)? | G1: Self-overlap (e.g. ACAC)? | H1: GC 40-60%? | I1: Eligible? | J1: Rank among eligible (rarest = 1) | K1: Used in experiment?
A2: GGA | B2: 29102 | C2: 12998 | D2: =C2/Summary!$B$4 -> 0.86653333 | E2: 0.66666667 | F2: Yes | G2: No | H2: =IF(AND(E2>=0.4,E2<=0.6),"Yes","No") -> No | I2: =IF(AND(F2="No",G2="No",H2="Yes"),"Yes","No") -> No
A3: CAC | B3: 29181 | C3: 12728 | D3: =C3/Summary!$B$4 -> 0.84853333 | E3: 0.66666667 | F3: No | G3: Yes | H3: =IF(AND(E3>=0.4,E3<=0.6),"Yes","No") -> No | I3: =IF(AND(F3="No",G3="No",H3="Yes"),"Yes","No") -> No
A4: GGG | B4: 29233 | C4: 11757 | D4: =C4/Summary!$B$4 -> 0.7838 | E4: 1 | F4: Yes | G4: Yes | H4: =IF(AND(E4>=0.4,E4<=0.6),"Yes","No") -> No | I4: =IF(AND(F4="No",G4="No",H4="Yes"),"Yes","No") -> No
A5: CAG | B5: 29254 | C5: 12993 | D5: =C5/Summary!$B$4 -> 0.8662 | E5: 0.66666667 | F5: No | G5: No | H5: =IF(AND(E5>=0.4,E5<=0.6),"Yes","No") -> No | I5: =IF(AND(F5="No",G5="No",H5="Yes"),"Yes","No") -> No
A6: AGG | B6: 29278 | C6: 13044 | D6: =C6/Summary!$B$4 -> 0.8696 | E6: 0.66666667 | F6: Yes | G6: No | H6: =IF(AND(E6>=0.4,E6<=0.6),"Yes","No") -> No | I6: =IF(AND(F6="No",G6="No",H6="Yes"),"Yes","No") -> No
A7: TAT | B7: 29356 | C7: 12715 | D7: =C7/Summary!$B$4 -> 0.84766667 | E7: 0 | F7: No | G7: Yes | H7: =IF(AND(E7>=0.4,E7<=0.6),"Yes","No") -> No | I7: =IF(AND(F7="No",G7="No",H7="Yes"),"Yes","No") -> No
A8: ACG | B8: 29367 | C8: 13064 | D8: =C8/Summary!$B$4 -> 0.87093333 | E8: 0.66666667 | F8: No | G8: No | H8: =IF(AND(E8>=0.4,E8<=0.6),"Yes","No") -> No | I8: =IF(AND(F8="No",G8="No",H8="Yes"),"Yes","No") -> No
A9: ATG | B9: 29373 | C9: 13025 | D9: =C9/Summary!$B$4 -> 0.86833333 | E9: 0.33333333 | F9: No | G9: No | H9: =IF(AND(E9>=0.4,E9<=0.6),"Yes","No") -> No | I9: =IF(AND(F9="No",G9="No",H9="Yes"),"Yes","No") -> No
A10: TGG | B10: 29376 | C10: 13036 | D10: =C10/Summary!$B$4 -> 0.86906667 | E10: 0.66666667 | F10: Yes | G10: No | H10: =IF(AND(E10>=0.4,E10<=0.6),"Yes","No") -> No | I10: =IF(AND(F10="No",G10="No",H10="Yes"),"Yes","No") -> No
A11: GTA | B11: 29379 | C11: 13066 | D11: =C11/Summary!$B$4 -> 0.87106667 | E11: 0.33333333 | F11: No | G11: No | H11: =IF(AND(E11>=0.4,E11<=0.6),"Yes","No") -> No | I11: =IF(AND(F11="No",G11="No",H11="Yes"),"Yes","No") -> No
A12: TAC | B12: 29380 | C12: 13089 | D12: =C12/Summary!$B$4 -> 0.8726 | E12: 0.33333333 | F12: No | G12: No | H12: =IF(AND(E12>=0.4,E12<=0.6),"Yes","No") -> No | I12: =IF(AND(F12="No",G12="No",H12="Yes"),"Yes","No") -> No
A13: TCA | B13: 29380 | C13: 13050 | D13: =C13/Summary!$B$4 -> 0.87 | E13: 0.33333333 | F13: No | G13: No | H13: =IF(AND(E13>=0.4,E13<=0.6),"Yes","No") -> No | I13: =IF(AND(F13="No",G13="No",H13="Yes"),"Yes","No") -> No
... A65: TCT | B65: 29893 | C65: 12876 | D65: =C65/Summary!$B$4 -> 0.8584 | E65: 0.33333333 | F65: No | G65: Yes | H65: =IF(AND(E65>=0.4,E65<=0.6),"Yes","No") -> No | I65: =IF(AND(F65="No",G65="No",H65="Yes"),"Yes","No") -> No

Sheet Length 4
A1: Marker | B1: Total occurrences | C1: Strands containing it | D1: % of strands containing it | E1: GC content | F1: Repeated letter (e.g. AA)? | G1: Self-overlap (e.g. ACAC)? | H1: GC 40-60%? | I1: Eligible? | J1: Rank among eligible (rarest = 1) | K1: Used in experiment?
A2: CAGT | B2: 7161 | C2: 5793 | D2: =C2/Summary!$B$4 -> 0.3862 | E2: 0.5 | F2: No | G2: No | H2: =IF(AND(E2>=0.4,E2<=0.6),"Yes","No") -> Yes | I2: =IF(AND(F2="No",G2="No",H2="Yes"),"Yes","No") -> Yes | J2: 1 | K2: YES
A3: ACAG | B3: 7163 | C3: 5693 | D3: =C3/Summary!$B$4 -> 0.37953333 | E3: 0.5 | F3: No | G3: No | H3: =IF(AND(E3>=0.4,E3<=0.6),"Yes","No") -> Yes | I3: =IF(AND(F3="No",G3="No",H3="Yes"),"Yes","No") -> Yes | J3: 2
A4: CACT | B4: 7172 | C4: 5770 | D4: =C4/Summary!$B$4 -> 0.38466667 | E4: 0.5 | F4: No | G4: No | H4: =IF(AND(E4>=0.4,E4<=0.6),"Yes","No") -> Yes | I4: =IF(AND(F4="No",G4="No",H4="Yes"),"Yes","No") -> Yes | J4: 3
A5: GATC | B5: 7177 | C5: 5731 | D5: =C5/Summary!$B$4 -> 0.38206667 | E5: 0.5 | F5: No | G5: No | H5: =IF(AND(E5>=0.4,E5<=0.6),"Yes","No") -> Yes | I5: =IF(AND(F5="No",G5="No",H5="Yes"),"Yes","No") -> Yes | J5: 4
A6: TCAC | B6: 7182 | C6: 5727 | D6: =C6/Summary!$B$4 -> 0.3818 | E6: 0.5 | F6: No | G6: No | H6: =IF(AND(E6>=0.4,E6<=0.6),"Yes","No") -> Yes | I6: =IF(AND(F6="No",G6="No",H6="Yes"),"Yes","No") -> Yes | J6: 5
A7: TGTC | B7: 7205 | C7: 5798 | D7: =C7/Summary!$B$4 -> 0.38653333 | E7: 0.5 | F7: No | G7: No | H7: =IF(AND(E7>=0.4,E7<=0.6),"Yes","No") -> Yes | I7: =IF(AND(F7="No",G7="No",H7="Yes"),"Yes","No") -> Yes | J7: 6
A8: GTCA | B8: 7225 | C8: 5785 | D8: =C8/Summary!$B$4 -> 0.38566667 | E8: 0.5 | F8: No | G8: No | H8: =IF(AND(E8>=0.4,E8<=0.6),"Yes","No") -> Yes | I8: =IF(AND(F8="No",G8="No",H8="Yes"),"Yes","No") -> Yes | J8: 7
A9: ACTC | B9: 7234 | C9: 5793 | D9: =C9/Summary!$B$4 -> 0.3862 | E9: 0.5 | F9: No | G9: No | H9: =IF(AND(E9>=0.4,E9<=0.6),"Yes","No") -> Yes | I9: =IF(AND(F9="No",G9="No",H9="Yes"),"Yes","No") -> Yes | J9: 8
A10: GACT | B10: 7234 | C10: 5802 | D10: =C10/Summary!$B$4 -> 0.3868 | E10: 0.5 | F10: No | G10: No | H10: =IF(AND(E10>=0.4,E10<=0.6),"Yes","No") -> Yes | I10: =IF(AND(F10="No",G10="No",H10="Yes"),"Yes","No") -> Yes | J10: 9
A11: GTAC | B11: 7248 | C11: 5824 | D11: =C11/Summary!$B$4 -> 0.38826667 | E11: 0.5 | F11: No | G11: No | H11: =IF(AND(E11>=0.4,E11<=0.6),"Yes","No") -> Yes | I11: =IF(AND(F11="No",G11="No",H11="Yes"),"Yes","No") -> Yes | J11: 10
A12: GACA | B12: 7254 | C12: 5814 | D12: =C12/Summary!$B$4 -> 0.3876 | E12: 0.5 | F12: No | G12: No | H12: =IF(AND(E12>=0.4,E12<=0.6),"Yes","No") -> Yes | I12: =IF(AND(F12="No",G12="No",H12="Yes"),"Yes","No") -> Yes | J12: 11
A13: CTCA | B13: 7257 | C13: 5856 | D13: =C13/Summary!$B$4 -> 0.3904 | E13: 0.5 | F13: No | G13: No | H13: =IF(AND(E13>=0.4,E13<=0.6),"Yes","No") -> Yes | I13: =IF(AND(F13="No",G13="No",H13="Yes"),"Yes","No") -> Yes | J13: 12
A14: TACG | B14: 7265 | C14: 5868 | D14: =C14/Summary!$B$4 -> 0.3912 | E14: 0.5 | F14: No | G14: No | H14: =IF(AND(E14>=0.4,E14<=0.6),"Yes","No") -> Yes | I14: =IF(AND(F14="No",G14="No",H14="Yes"),"Yes","No") -> Yes | J14: 13
... A41: CTGT | B41: 7438 | C41: 5945 | D41: =C41/Summary!$B$4 -> 0.39633333 | E41: 0.5 | F41: No | G41: No | H41: =IF(AND(E41>=0.4,E41<=0.6),"Yes","No") -> Yes | I41: =IF(AND(F41="No",G41="No",H41="Yes"),"Yes","No") -> Yes | J41: 40
A42: GGAC | B42: 7094 | C42: 5691 | D42: =C42/Summary!$B$4 -> 0.3794 | E42: 0.75 | F42: Yes | G42: No | H42: =IF(AND(E42>=0.4,E42<=0.6),"Yes","No") -> No | I42: =IF(AND(F42="No",G42="No",H42="Yes"),"Yes","No") -> No
A43: AGGG | B43: 7108 | C43: 5715 | D43: =C43/Summary!$B$4 -> 0.381 | E43: 0.75 | F43: Yes | G43: No | H43: =IF(AND(E43>=0.4,E43<=0.6),"Yes","No") -> No | I43: =IF(AND(F43="No",G43="No",H43="Yes"),"Yes","No") -> No
A44: TGGA | B44: 7117 | C44: 5701 | D44: =C44/Summary!$B$4 -> 0.38006667 | E44: 0.5 | F44: Yes | G44: No | H44: =IF(AND(E44>=0.4,E44<=0.6),"Yes","No") -> Yes | I44: =IF(AND(F44="No",G44="No",H44="Yes"),"Yes","No") -> No
A45: GAAT | B45: 7145 | C45: 5734 | D45: =C45/Summary!$B$4 -> 0.38226667 | E45: 0.25 | F45: Yes | G45: No | H45: =IF(AND(E45>=0.4,E45<=0.6),"Yes","No") -> No | I45: =IF(AND(F45="No",G45="No",H45="Yes"),"Yes","No") -> No
A46: AATG | B46: 7166 | C46: 5771 | D46: =C46/Summary!$B$4 -> 0.38473333 | E46: 0.25 | F46: Yes | G46: No | H46: =IF(AND(E46>=0.4,E46<=0.6),"Yes","No") -> No | I46: =IF(AND(F46="No",G46="No",H46="Yes"),"Yes","No") -> No
A47: CACG | B47: 7176 | C47: 5719 | D47: =C47/Summary!$B$4 -> 0.38126667 | E47: 0.75 | F47: No | G47: No | H47: =IF(AND(E47>=0.4,E47<=0.6),"Yes","No") -> No | I47: =IF(AND(F47="No",G47="No",H47="Yes"),"Yes","No") -> No
A48: ACGG | B48: 7178 | C48: 5740 | D48: =C48/Summary!$B$4 -> 0.38266667 | E48: 0.75 | F48: Yes | G48: No | H48: =IF(AND(E48>=0.4,E48<=0.6),"Yes","No") -> No | I48: =IF(AND(F48="No",G48="No",H48="Yes"),"Yes","No") -> No
A49: CAGC | B49: 7179 | C49: 5649 | D49: =C49/Summary!$B$4 -> 0.3766 | E49: 0.75 | F49: No | G49: Yes | H49: =IF(AND(E49>=0.4,E49<=0.6),"Yes","No") -> No | I49: =IF(AND(F49="No",G49="No",H49="Yes"),"Yes","No") -> No
A50: TTCG | B50: 7181 | C50: 5753 | D50: =C50/Summary!$B$4 -> 0.38353333 | E50: 0.5 | F50: Yes | G50: No | H50: =IF(AND(E50>=0.4,E50<=0.6),"Yes","No") -> Yes | I50: =IF(AND(F50="No",G50="No",H50="Yes"),"Yes","No") -> No
A51: GGCA | B51: 7182 | C51: 5711 | D51: =C51/Summary!$B$4 -> 0.38073333 | E51: 0.75 | F51: Yes | G51: No | H51: =IF(AND(E51>=0.4,E51<=0.6),"Yes","No") -> No | I51: =IF(AND(F51="No",G51="No",H51="Yes"),"Yes","No") -> No
A52: GTAT | B52: 7188 | C52: 5801 | D52: =C52/Summary!$B$4 -> 0.38673333 | E52: 0.25 | F52: No | G52: No | H52: =IF(AND(E52>=0.4,E52<=0.6),"Yes","No") -> No | I52: =IF(AND(F52="No",G52="No",H52="Yes"),"Yes","No") -> No
A53: GGGT | B53: 7191 | C53: 5765 | D53: =C53/Summary!$B$4 -> 0.38433333 | E53: 0.75 | F53: Yes | G53: No | H53: =IF(AND(E53>=0.4,E53<=0.6),"Yes","No") -> No | I53: =IF(AND(F53="No",G53="No",H53="Yes"),"Yes","No") -> No
... A257: TTTT | B257: 7597 | C257: 4747 | D257: =C257/Summary!$B$4 -> 0.31646667 | E257: 0 | F257: Yes | G257: Yes | H257: =IF(AND(E257>=0.4,E257<=0.6),"Yes","No") -> No | I257: =IF(AND(F257="No",G257="No",H257="Yes"),"Yes","No") -> No

Sheet Length 5
A1: Marker | B1: Total occurrences | C1: Strands containing it | D1: % of strands containing it | E1: GC content | F1: Repeated letter (e.g. AA)? | G1: Self-overlap (e.g. ACAC)? | H1: GC 40-60%? | I1: Eligible? | J1: Rank among eligible (rarest = 1) | K1: Used in experiment?
A2: TCATG | B2: 1701 | C2: 1615 | D2: =C2/Summary!$B$4 -> 0.10766667 | E2: 0.4 | F2: No | G2: No | H2: =IF(AND(E2>=0.4,E2<=0.6),"Yes","No") -> Yes | I2: =IF(AND(F2="No",G2="No",H2="Yes"),"Yes","No") -> Yes | J2: 1 | K2: YES
A3: TACAG | B3: 1728 | C3: 1661 | D3: =C3/Summary!$B$4 -> 0.11073333 | E3: 0.4 | F3: No | G3: No | H3: =IF(AND(E3>=0.4,E3<=0.6),"Yes","No") -> Yes | I3: =IF(AND(F3="No",G3="No",H3="Yes"),"Yes","No") -> Yes | J3: 2
A4: TGTCA | B4: 1728 | C4: 1630 | D4: =C4/Summary!$B$4 -> 0.10866667 | E4: 0.4 | F4: No | G4: No | H4: =IF(AND(E4>=0.4,E4<=0.6),"Yes","No") -> Yes | I4: =IF(AND(F4="No",G4="No",H4="Yes"),"Yes","No") -> Yes | J4: 3
A5: GACAC | B5: 1730 | C5: 1629 | D5: =C5/Summary!$B$4 -> 0.1086 | E5: 0.6 | F5: No | G5: No | H5: =IF(AND(E5>=0.4,E5<=0.6),"Yes","No") -> Yes | I5: =IF(AND(F5="No",G5="No",H5="Yes"),"Yes","No") -> Yes | J5: 4
A6: CACGT | B6: 1731 | C6: 1633 | D6: =C6/Summary!$B$4 -> 0.10886667 | E6: 0.6 | F6: No | G6: No | H6: =IF(AND(E6>=0.4,E6<=0.6),"Yes","No") -> Yes | I6: =IF(AND(F6="No",G6="No",H6="Yes"),"Yes","No") -> Yes | J6: 5
A7: ACTGC | B7: 1736 | C7: 1648 | D7: =C7/Summary!$B$4 -> 0.10986667 | E7: 0.6 | F7: No | G7: No | H7: =IF(AND(E7>=0.4,E7<=0.6),"Yes","No") -> Yes | I7: =IF(AND(F7="No",G7="No",H7="Yes"),"Yes","No") -> Yes | J7: 6
A8: ACAGC | B8: 1737 | C8: 1638 | D8: =C8/Summary!$B$4 -> 0.1092 | E8: 0.6 | F8: No | G8: No | H8: =IF(AND(E8>=0.4,E8<=0.6),"Yes","No") -> Yes | I8: =IF(AND(F8="No",G8="No",H8="Yes"),"Yes","No") -> Yes | J8: 7
A9: GTCAC | B9: 1738 | C9: 1653 | D9: =C9/Summary!$B$4 -> 0.1102 | E9: 0.6 | F9: No | G9: No | H9: =IF(AND(E9>=0.4,E9<=0.6),"Yes","No") -> Yes | I9: =IF(AND(F9="No",G9="No",H9="Yes"),"Yes","No") -> Yes | J9: 8
A10: TCGTG | B10: 1740 | C10: 1648 | D10: =C10/Summary!$B$4 -> 0.10986667 | E10: 0.6 | F10: No | G10: No | H10: =IF(AND(E10>=0.4,E10<=0.6),"Yes","No") -> Yes | I10: =IF(AND(F10="No",G10="No",H10="Yes"),"Yes","No") -> Yes | J10: 9
A11: ACACT | B11: 1741 | C11: 1646 | D11: =C11/Summary!$B$4 -> 0.10973333 | E11: 0.4 | F11: No | G11: No | H11: =IF(AND(E11>=0.4,E11<=0.6),"Yes","No") -> Yes | I11: =IF(AND(F11="No",G11="No",H11="Yes"),"Yes","No") -> Yes | J11: 10
A12: CAGTA | B12: 1742 | C12: 1654 | D12: =C12/Summary!$B$4 -> 0.11026667 | E12: 0.4 | F12: No | G12: No | H12: =IF(AND(E12>=0.4,E12<=0.6),"Yes","No") -> Yes | I12: =IF(AND(F12="No",G12="No",H12="Yes"),"Yes","No") -> Yes | J12: 11
A13: GCTAT | B13: 1742 | C13: 1650 | D13: =C13/Summary!$B$4 -> 0.11 | E13: 0.4 | F13: No | G13: No | H13: =IF(AND(E13>=0.4,E13<=0.6),"Yes","No") -> Yes | I13: =IF(AND(F13="No",G13="No",H13="Yes"),"Yes","No") -> Yes | J13: 12
A14: ATGAC | B14: 1747 | C14: 1667 | D14: =C14/Summary!$B$4 -> 0.11113333 | E14: 0.4 | F14: No | G14: No | H14: =IF(AND(E14>=0.4,E14<=0.6),"Yes","No") -> Yes | I14: =IF(AND(F14="No",G14="No",H14="Yes"),"Yes","No") -> Yes | J14: 13
... A185: ATGCG | B185: 1914 | C185: 1797 | D185: =C185/Summary!$B$4 -> 0.1198 | E185: 0.6 | F185: No | G185: No | H185: =IF(AND(E185>=0.4,E185<=0.6),"Yes","No") -> Yes | I185: =IF(AND(F185="No",G185="No",H185="Yes"),"Yes","No") -> Yes | J185: 184
A186: GGAAT | B186: 1696 | C186: 1611 | D186: =C186/Summary!$B$4 -> 0.1074 | E186: 0.4 | F186: Yes | G186: No | H186: =IF(AND(E186>=0.4,E186<=0.6),"Yes","No") -> Yes | I186: =IF(AND(F186="No",G186="No",H186="Yes"),"Yes","No") -> No
A187: ATTTA | B187: 1709 | C187: 1608 | D187: =C187/Summary!$B$4 -> 0.1072 | E187: 0 | F187: Yes | G187: Yes | H187: =IF(AND(E187>=0.4,E187<=0.6),"Yes","No") -> No | I187: =IF(AND(F187="No",G187="No",H187="Yes"),"Yes","No") -> No
A188: AGGGG | B188: 1713 | C188: 1626 | D188: =C188/Summary!$B$4 -> 0.1084 | E188: 0.8 | F188: Yes | G188: No | H188: =IF(AND(E188>=0.4,E188<=0.6),"Yes","No") -> No | I188: =IF(AND(F188="No",G188="No",H188="Yes"),"Yes","No") -> No
A189: TGGAC | B189: 1713 | C189: 1624 | D189: =C189/Summary!$B$4 -> 0.10826667 | E189: 0.6 | F189: Yes | G189: No | H189: =IF(AND(E189>=0.4,E189<=0.6),"Yes","No") -> Yes | I189: =IF(AND(F189="No",G189="No",H189="Yes"),"Yes","No") -> No
A190: GGCAG | B190: 1715 | C190: 1619 | D190: =C190/Summary!$B$4 -> 0.10793333 | E190: 0.8 | F190: Yes | G190: Yes | H190: =IF(AND(E190>=0.4,E190<=0.6),"Yes","No") -> No | I190: =IF(AND(F190="No",G190="No",H190="Yes"),"Yes","No") -> No
A191: GAGGG | B191: 1717 | C191: 1607 | D191: =C191/Summary!$B$4 -> 0.10713333 | E191: 0.8 | F191: Yes | G191: Yes | H191: =IF(AND(E191>=0.4,E191<=0.6),"Yes","No") -> No | I191: =IF(AND(F191="No",G191="No",H191="Yes"),"Yes","No") -> No
A192: AAAGG | B192: 1723 | C192: 1625 | D192: =C192/Summary!$B$4 -> 0.10833333 | E192: 0.4 | F192: Yes | G192: No | H192: =IF(AND(E192>=0.4,E192<=0.6),"Yes","No") -> Yes | I192: =IF(AND(F192="No",G192="No",H192="Yes"),"Yes","No") -> No
A193: CCGGC | B193: 1723 | C193: 1626 | D193: =C193/Summary!$B$4 -> 0.1084 | E193: 1 | F193: Yes | G193: Yes | H193: =IF(AND(E193>=0.4,E193<=0.6),"Yes","No") -> No | I193: =IF(AND(F193="No",G193="No",H193="Yes"),"Yes","No") -> No
A194: TTAAC | B194: 1724 | C194: 1639 | D194: =C194/Summary!$B$4 -> 0.10926667 | E194: 0.2 | F194: Yes | G194: No | H194: =IF(AND(E194>=0.4,E194<=0.6),"Yes","No") -> No | I194: =IF(AND(F194="No",G194="No",H194="Yes"),"Yes","No") -> No
A195: CCTCA | B195: 1726 | C195: 1639 | D195: =C195/Summary!$B$4 -> 0.10926667 | E195: 0.6 | F195: Yes | G195: No | H195: =IF(AND(E195>=0.4,E195<=0.6),"Yes","No") -> Yes | I195: =IF(AND(F195="No",G195="No",H195="Yes"),"Yes","No") -> No
A196: ACGGA | B196: 1727 | C196: 1628 | D196: =C196/Summary!$B$4 -> 0.10853333 | E196: 0.6 | F196: Yes | G196: Yes | H196: =IF(AND(E196>=0.4,E196<=0.6),"Yes","No") -> Yes | I196: =IF(AND(F196="No",G196="No",H196="Yes"),"Yes","No") -> No
A197: GGACT | B197: 1728 | C197: 1634 | D197: =C197/Summary!$B$4 -> 0.10893333 | E197: 0.6 | F197: Yes | G197: No | H197: =IF(AND(E197>=0.4,E197<=0.6),"Yes","No") -> Yes | I197: =IF(AND(F197="No",G197="No",H197="Yes"),"Yes","No") -> No
... A1025: CTGTT | B1025: 1954 | C1025: 1833 | D1025: =C1025/Summary!$B$4 -> 0.1222 | E1025: 0.4 | F1025: Yes | G1025: No | H1025: =IF(AND(E1025>=0.4,E1025<=0.6),"Yes","No") -> Yes | I1025: =IF(AND(F1025="No",G1025="No",H1025="Yes"),"Yes","No") -> No

Sheet Length 6
A1: Marker | B1: Total occurrences | C1: Strands containing it | D1: % of strands containing it | E1: GC content | F1: Repeated letter (e.g. AA)? | G1: Self-overlap (e.g. ACAC)? | H1: GC 40-60%? | I1: Eligible? | J1: Rank among eligible (rarest = 1) | K1: Used in experiment?
A2: GACACT | B2: 392 | C2: 388 | D2: =C2/Summary!$B$4 -> 0.025866667 | E2: 0.5 | F2: No | G2: No | H2: =IF(AND(E2>=0.4,E2<=0.6),"Yes","No") -> Yes | I2: =IF(AND(F2="No",G2="No",H2="Yes"),"Yes","No") -> Yes | J2: 1
A3: CTGTCA | B3: 395 | C3: 388 | D3: =C3/Summary!$B$4 -> 0.025866667 | E3: 0.5 | F3: No | G3: No | H3: =IF(AND(E3>=0.4,E3<=0.6),"Yes","No") -> Yes | I3: =IF(AND(F3="No",G3="No",H3="Yes"),"Yes","No") -> Yes | J3: 2 | K3: YES
A4: CACTCT | B4: 397 | C4: 385 | D4: =C4/Summary!$B$4 -> 0.025666667 | E4: 0.5 | F4: No | G4: No | H4: =IF(AND(E4>=0.4,E4<=0.6),"Yes","No") -> Yes | I4: =IF(AND(F4="No",G4="No",H4="Yes"),"Yes","No") -> Yes | J4: 3
A5: GATCGT | B5: 400 | C5: 394 | D5: =C5/Summary!$B$4 -> 0.026266667 | E5: 0.5 | F5: No | G5: No | H5: =IF(AND(E5>=0.4,E5<=0.6),"Yes","No") -> Yes | I5: =IF(AND(F5="No",G5="No",H5="Yes"),"Yes","No") -> Yes | J5: 4
A6: GTCTCA | B6: 403 | C6: 402 | D6: =C6/Summary!$B$4 -> 0.0268 | E6: 0.5 | F6: No | G6: No | H6: =IF(AND(E6>=0.4,E6<=0.6),"Yes","No") -> Yes | I6: =IF(AND(F6="No",G6="No",H6="Yes"),"Yes","No") -> Yes | J6: 5
A7: CACAGT | B7: 404 | C7: 399 | D7: =C7/Summary!$B$4 -> 0.0266 | E7: 0.5 | F7: No | G7: No | H7: =IF(AND(E7>=0.4,E7<=0.6),"Yes","No") -> Yes | I7: =IF(AND(F7="No",G7="No",H7="Yes"),"Yes","No") -> Yes | J7: 6
A8: ACTCTG | B8: 407 | C8: 405 | D8: =C8/Summary!$B$4 -> 0.027 | E8: 0.5 | F8: No | G8: No | H8: =IF(AND(E8>=0.4,E8<=0.6),"Yes","No") -> Yes | I8: =IF(AND(F8="No",G8="No",H8="Yes"),"Yes","No") -> Yes | J8: 7
A9: CTCATG | B9: 407 | C9: 406 | D9: =C9/Summary!$B$4 -> 0.027066667 | E9: 0.5 | F9: No | G9: No | H9: =IF(AND(E9>=0.4,E9<=0.6),"Yes","No") -> Yes | I9: =IF(AND(F9="No",G9="No",H9="Yes"),"Yes","No") -> Yes | J9: 8
A10: GTGATC | B10: 408 | C10: 407 | D10: =C10/Summary!$B$4 -> 0.027133333 | E10: 0.5 | F10: No | G10: No | H10: =IF(AND(E10>=0.4,E10<=0.6),"Yes","No") -> Yes | I10: =IF(AND(F10="No",G10="No",H10="Yes"),"Yes","No") -> Yes | J10: 9
A11: GACTAC | B11: 410 | C11: 408 | D11: =C11/Summary!$B$4 -> 0.0272 | E11: 0.5 | F11: No | G11: No | H11: =IF(AND(E11>=0.4,E11<=0.6),"Yes","No") -> Yes | I11: =IF(AND(F11="No",G11="No",H11="Yes"),"Yes","No") -> Yes | J11: 10
A12: GTCACT | B12: 410 | C12: 409 | D12: =C12/Summary!$B$4 -> 0.027266667 | E12: 0.5 | F12: No | G12: No | H12: =IF(AND(E12>=0.4,E12<=0.6),"Yes","No") -> Yes | I12: =IF(AND(F12="No",G12="No",H12="Yes"),"Yes","No") -> Yes | J12: 11
A13: GATAGC | B13: 411 | C13: 407 | D13: =C13/Summary!$B$4 -> 0.027133333 | E13: 0.5 | F13: No | G13: No | H13: =IF(AND(E13>=0.4,E13<=0.6),"Yes","No") -> Yes | I13: =IF(AND(F13="No",G13="No",H13="Yes"),"Yes","No") -> Yes | J13: 12
A14: TGAGAG | B14: 411 | C14: 407 | D14: =C14/Summary!$B$4 -> 0.027133333 | E14: 0.5 | F14: No | G14: No | H14: =IF(AND(E14>=0.4,E14<=0.6),"Yes","No") -> Yes | I14: =IF(AND(F14="No",G14="No",H14="Yes"),"Yes","No") -> Yes | J14: 13
A15: TGTCAG | B15: 411 | C15: 402 | D15: =C15/Summary!$B$4 -> 0.0268 | E15: 0.5 | F15: No | G15: No | H15: =IF(AND(E15>=0.4,E15<=0.6),"Yes","No") -> Yes | I15: =IF(AND(F15="No",G15="No",H15="Yes"),"Yes","No") -> Yes | J15: 14
... A305: ATGCTC | B305: 508 | C305: 492 | D305: =C305/Summary!$B$4 -> 0.0328 | E305: 0.5 | F305: No | G305: No | H305: =IF(AND(E305>=0.4,E305<=0.6),"Yes","No") -> Yes | I305: =IF(AND(F305="No",G305="No",H305="Yes"),"Yes","No") -> Yes | J305: 304
A306: TGCTAT | B306: 367 | C306: 361 | D306: =C306/Summary!$B$4 -> 0.024066667 | E306: 0.33333333 | F306: No | G306: Yes | H306: =IF(AND(E306>=0.4,E306<=0.6),"Yes","No") -> No | I306: =IF(AND(F306="No",G306="No",H306="Yes"),"Yes","No") -> No
A307: CTATCC | B307: 380 | C307: 376 | D307: =C307/Summary!$B$4 -> 0.025066667 | E307: 0.5 | F307: Yes | G307: Yes | H307: =IF(AND(E307>=0.4,E307<=0.6),"Yes","No") -> Yes | I307: =IF(AND(F307="No",G307="No",H307="Yes"),"Yes","No") -> No
A308: ATCTTA | B308: 391 | C308: 387 | D308: =C308/Summary!$B$4 -> 0.0258 | E308: 0.16666667 | F308: Yes | G308: Yes | H308: =IF(AND(E308>=0.4,E308<=0.6),"Yes","No") -> No | I308: =IF(AND(F308="No",G308="No",H308="Yes"),"Yes","No") -> No
A309: CTAAGT | B309: 391 | C309: 389 | D309: =C309/Summary!$B$4 -> 0.025933333 | E309: 0.33333333 | F309: Yes | G309: No | H309: =IF(AND(E309>=0.4,E309<=0.6),"Yes","No") -> No | I309: =IF(AND(F309="No",G309="No",H309="Yes"),"Yes","No") -> No
A310: TGGGTT | B310: 391 | C310: 383 | D310: =C310/Summary!$B$4 -> 0.025533333 | E310: 0.5 | F310: Yes | G310: Yes | H310: =IF(AND(E310>=0.4,E310<=0.6),"Yes","No") -> Yes | I310: =IF(AND(F310="No",G310="No",H310="Yes"),"Yes","No") -> No
A311: AGAAAT | B311: 392 | C311: 386 | D311: =C311/Summary!$B$4 -> 0.025733333 | E311: 0.16666667 | F311: Yes | G311: No | H311: =IF(AND(E311>=0.4,E311<=0.6),"Yes","No") -> No | I311: =IF(AND(F311="No",G311="No",H311="Yes"),"Yes","No") -> No
A312: CATACC | B312: 392 | C312: 382 | D312: =C312/Summary!$B$4 -> 0.025466667 | E312: 0.5 | F312: Yes | G312: Yes | H312: =IF(AND(E312>=0.4,E312<=0.6),"Yes","No") -> Yes | I312: =IF(AND(F312="No",G312="No",H312="Yes"),"Yes","No") -> No
A313: CCCTTG | B313: 392 | C313: 389 | D313: =C313/Summary!$B$4 -> 0.025933333 | E313: 0.66666667 | F313: Yes | G313: No | H313: =IF(AND(E313>=0.4,E313<=0.6),"Yes","No") -> No | I313: =IF(AND(F313="No",G313="No",H313="Yes"),"Yes","No") -> No
A314: GGAGTT | B314: 392 | C314: 385 | D314: =C314/Summary!$B$4 -> 0.025666667 | E314: 0.5 | F314: Yes | G314: No | H314: =IF(AND(E314>=0.4,E314<=0.6),"Yes","No") -> Yes | I314: =IF(AND(F314="No",G314="No",H314="Yes"),"Yes","No") -> No
A315: CACGAG | B315: 394 | C315: 390 | D315: =C315/Summary!$B$4 -> 0.026 | E315: 0.66666667 | F315: No | G315: No | H315: =IF(AND(E315>=0.4,E315<=0.6),"Yes","No") -> No | I315: =IF(AND(F315="No",G315="No",H315="Yes"),"Yes","No") -> No
A316: GTGGCA | B316: 394 | C316: 388 | D316: =C316/Summary!$B$4 -> 0.025866667 | E316: 0.66666667 | F316: Yes | G316: No | H316: =IF(AND(E316>=0.4,E316<=0.6),"Yes","No") -> No | I316: =IF(AND(F316="No",G316="No",H316="Yes"),"Yes","No") -> No
A317: TCGTGC | B317: 394 | C317: 387 | D317: =C317/Summary!$B$4 -> 0.0258 | E317: 0.66666667 | F317: No | G317: No | H317: =IF(AND(E317>=0.4,E317<=0.6),"Yes","No") -> No | I317: =IF(AND(F317="No",G317="No",H317="Yes"),"Yes","No") -> No
... A4097: CAACAA | B4097: 525 | C4097: 510 | D4097: =C4097/Summary!$B$4 -> 0.034 | E4097: 0.33333333 | F4097: Yes | G4097: Yes | H4097: =IF(AND(E4097>=0.4,E4097<=0.6),"Yes","No") -> No | I4097: =IF(AND(F4097="No",G4097="No",H4097="Yes"),"Yes","No") -> No

Sheet Length 7
A1: Marker | B1: Total occurrences | C1: Strands containing it | D1: % of strands containing it | E1: GC content | F1: Repeated letter (e.g. AA)? | G1: Self-overlap (e.g. ACAC)? | H1: GC 40-60%? | I1: Eligible? | J1: Rank among eligible (rarest = 1) | K1: Used in experiment?
A2: CTGATCA | B2: 79 | C2: 79 | D2: =C2/Summary!$B$4 -> 0.0052666667 | E2: 0.42857143 | F2: No | G2: No | H2: =IF(AND(E2>=0.4,E2<=0.6),"Yes","No") -> Yes | I2: =IF(AND(F2="No",G2="No",H2="Yes"),"Yes","No") -> Yes | J2: 1 | K2: YES
A3: GCTGTCA | B3: 82 | C3: 81 | D3: =C3/Summary!$B$4 -> 0.0054 | E3: 0.57142857 | F3: No | G3: No | H3: =IF(AND(E3>=0.4,E3<=0.6),"Yes","No") -> Yes | I3: =IF(AND(F3="No",G3="No",H3="Yes"),"Yes","No") -> Yes | J3: 2
A4: CGCATAG | B4: 83 | C4: 83 | D4: =C4/Summary!$B$4 -> 0.0055333333 | E4: 0.57142857 | F4: No | G4: No | H4: =IF(AND(E4>=0.4,E4<=0.6),"Yes","No") -> Yes | I4: =IF(AND(F4="No",G4="No",H4="Yes"),"Yes","No") -> Yes | J4: 3
A5: ACACTGC | B5: 84 | C5: 83 | D5: =C5/Summary!$B$4 -> 0.0055333333 | E5: 0.57142857 | F5: No | G5: No | H5: =IF(AND(E5>=0.4,E5<=0.6),"Yes","No") -> Yes | I5: =IF(AND(F5="No",G5="No",H5="Yes"),"Yes","No") -> Yes | J5: 4
A6: AGACAGC | B6: 85 | C6: 85 | D6: =C6/Summary!$B$4 -> 0.0056666667 | E6: 0.57142857 | F6: No | G6: No | H6: =IF(AND(E6>=0.4,E6<=0.6),"Yes","No") -> Yes | I6: =IF(AND(F6="No",G6="No",H6="Yes"),"Yes","No") -> Yes | J6: 5
A7: ACTCATG | B7: 86 | C7: 86 | D7: =C7/Summary!$B$4 -> 0.0057333333 | E7: 0.42857143 | F7: No | G7: No | H7: =IF(AND(E7>=0.4,E7<=0.6),"Yes","No") -> Yes | I7: =IF(AND(F7="No",G7="No",H7="Yes"),"Yes","No") -> Yes | J7: 6
A8: CACTCTG | B8: 86 | C8: 86 | D8: =C8/Summary!$B$4 -> 0.0057333333 | E8: 0.57142857 | F8: No | G8: No | H8: =IF(AND(E8>=0.4,E8<=0.6),"Yes","No") -> Yes | I8: =IF(AND(F8="No",G8="No",H8="Yes"),"Yes","No") -> Yes | J8: 7
A9: GACAGCA | B9: 86 | C9: 85 | D9: =C9/Summary!$B$4 -> 0.0056666667 | E9: 0.57142857 | F9: No | G9: No | H9: =IF(AND(E9>=0.4,E9<=0.6),"Yes","No") -> Yes | I9: =IF(AND(F9="No",G9="No",H9="Yes"),"Yes","No") -> Yes | J9: 8
A10: GCGCATA | B10: 86 | C10: 86 | D10: =C10/Summary!$B$4 -> 0.0057333333 | E10: 0.57142857 | F10: No | G10: No | H10: =IF(AND(E10>=0.4,E10<=0.6),"Yes","No") -> Yes | I10: =IF(AND(F10="No",G10="No",H10="Yes"),"Yes","No") -> Yes | J10: 9
A11: GTAGTAC | B11: 86 | C11: 86 | D11: =C11/Summary!$B$4 -> 0.0057333333 | E11: 0.42857143 | F11: No | G11: No | H11: =IF(AND(E11>=0.4,E11<=0.6),"Yes","No") -> Yes | I11: =IF(AND(F11="No",G11="No",H11="Yes"),"Yes","No") -> Yes | J11: 10
A12: ATCTCTG | B12: 87 | C12: 86 | D12: =C12/Summary!$B$4 -> 0.0057333333 | E12: 0.42857143 | F12: No | G12: No | H12: =IF(AND(E12>=0.4,E12<=0.6),"Yes","No") -> Yes | I12: =IF(AND(F12="No",G12="No",H12="Yes"),"Yes","No") -> Yes | J12: 11
A13: GCTATAC | B13: 87 | C13: 87 | D13: =C13/Summary!$B$4 -> 0.0058 | E13: 0.42857143 | F13: No | G13: No | H13: =IF(AND(E13>=0.4,E13<=0.6),"Yes","No") -> Yes | I13: =IF(AND(F13="No",G13="No",H13="Yes"),"Yes","No") -> Yes | J13: 12
A14: AGAGTCT | B14: 88 | C14: 88 | D14: =C14/Summary!$B$4 -> 0.0058666667 | E14: 0.42857143 | F14: No | G14: No | H14: =IF(AND(E14>=0.4,E14<=0.6),"Yes","No") -> Yes | I14: =IF(AND(F14="No",G14="No",H14="Yes"),"Yes","No") -> Yes | J14: 13
... A1441: TGTGCGA | B1441: 153 | C1441: 153 | D1441: =C1441/Summary!$B$4 -> 0.0102 | E1441: 0.57142857 | F1441: No | G1441: No | H1441: =IF(AND(E1441>=0.4,E1441<=0.6),"Yes","No") -> Yes | I1441: =IF(AND(F1441="No",G1441="No",H1441="Yes"),"Yes","No") -> Yes | J1441: 1440
A1442: TAACGGA | B1442: 72 | C1442: 72 | D1442: =C1442/Summary!$B$4 -> 0.0048 | E1442: 0.42857143 | F1442: Yes | G1442: No | H1442: =IF(AND(E1442>=0.4,E1442<=0.6),"Yes","No") -> Yes | I1442: =IF(AND(F1442="No",G1442="No",H1442="Yes"),"Yes","No") -> No
A1443: ACTCTAT | B1443: 75 | C1443: 75 | D1443: =C1443/Summary!$B$4 -> 0.005 | E1443: 0.28571429 | F1443: No | G1443: No | H1443: =IF(AND(E1443>=0.4,E1443<=0.6),"Yes","No") -> No | I1443: =IF(AND(F1443="No",G1443="No",H1443="Yes"),"Yes","No") -> No
A1444: CTTATGG | B1444: 76 | C1444: 76 | D1444: =C1444/Summary!$B$4 -> 0.0050666667 | E1444: 0.42857143 | F1444: Yes | G1444: No | H1444: =IF(AND(E1444>=0.4,E1444<=0.6),"Yes","No") -> Yes | I1444: =IF(AND(F1444="No",G1444="No",H1444="Yes"),"Yes","No") -> No
A1445: AAATTCG | B1445: 77 | C1445: 76 | D1445: =C1445/Summary!$B$4 -> 0.0050666667 | E1445: 0.28571429 | F1445: Yes | G1445: No | H1445: =IF(AND(E1445>=0.4,E1445<=0.6),"Yes","No") -> No | I1445: =IF(AND(F1445="No",G1445="No",H1445="Yes"),"Yes","No") -> No
A1446: CCGGCAC | B1446: 78 | C1446: 78 | D1446: =C1446/Summary!$B$4 -> 0.0052 | E1446: 0.85714286 | F1446: Yes | G1446: Yes | H1446: =IF(AND(E1446>=0.4,E1446<=0.6),"Yes","No") -> No | I1446: =IF(AND(F1446="No",G1446="No",H1446="Yes"),"Yes","No") -> No
A1447: CTGGTCC | B1447: 78 | C1447: 77 | D1447: =C1447/Summary!$B$4 -> 0.0051333333 | E1447: 0.71428571 | F1447: Yes | G1447: Yes | H1447: =IF(AND(E1447>=0.4,E1447<=0.6),"Yes","No") -> No | I1447: =IF(AND(F1447="No",G1447="No",H1447="Yes"),"Yes","No") -> No
A1448: GCAGCTG | B1448: 78 | C1448: 78 | D1448: =C1448/Summary!$B$4 -> 0.0052 | E1448: 0.71428571 | F1448: No | G1448: Yes | H1448: =IF(AND(E1448>=0.4,E1448<=0.6),"Yes","No") -> No | I1448: =IF(AND(F1448="No",G1448="No",H1448="Yes"),"Yes","No") -> No
A1449: ACTAAAA | B1449: 79 | C1449: 79 | D1449: =C1449/Summary!$B$4 -> 0.0052666667 | E1449: 0.14285714 | F1449: Yes | G1449: Yes | H1449: =IF(AND(E1449>=0.4,E1449<=0.6),"Yes","No") -> No | I1449: =IF(AND(F1449="No",G1449="No",H1449="Yes"),"Yes","No") -> No
A1450: AGGAATT | B1450: 79 | C1450: 79 | D1450: =C1450/Summary!$B$4 -> 0.0052666667 | E1450: 0.28571429 | F1450: Yes | G1450: No | H1450: =IF(AND(E1450>=0.4,E1450<=0.6),"Yes","No") -> No | I1450: =IF(AND(F1450="No",G1450="No",H1450="Yes"),"Yes","No") -> No
A1451: AGGTGAG | B1451: 79 | C1451: 79 | D1451: =C1451/Summary!$B$4 -> 0.0052666667 | E1451: 0.57142857 | F1451: Yes | G1451: Yes | H1451: =IF(AND(E1451>=0.4,E1451<=0.6),"Yes","No") -> Yes | I1451: =IF(AND(F1451="No",G1451="No",H1451="Yes"),"Yes","No") -> No
A1452: CTAAAAA | B1452: 79 | C1452: 78 | D1452: =C1452/Summary!$B$4 -> 0.0052 | E1452: 0.14285714 | F1452: Yes | G1452: No | H1452: =IF(AND(E1452>=0.4,E1452<=0.6),"Yes","No") -> No | I1452: =IF(AND(F1452="No",G1452="No",H1452="Yes"),"Yes","No") -> No
A1453: TGCTCGC | B1453: 79 | C1453: 79 | D1453: =C1453/Summary!$B$4 -> 0.0052666667 | E1453: 0.71428571 | F1453: No | G1453: No | H1453: =IF(AND(E1453>=0.4,E1453<=0.6),"Yes","No") -> No | I1453: =IF(AND(F1453="No",G1453="No",H1453="Yes"),"Yes","No") -> No
... A16385: TACAATA | B16385: 156 | C16385: 156 | D16385: =C16385/Summary!$B$4 -> 0.0104 | E16385: 0.14285714 | F16385: Yes | G16385: Yes | H16385: =IF(AND(E16385>=0.4,E16385<=0.6),"Yes","No") -> No | I16385: =IF(AND(F16385="No",G16385="No",H16385="Yes"),"Yes","No") -> No
